11,update production set code = 'WZ-B'
14,update production set code = 'WZ-L'
17,update production set code = 'WZ-R'
20,update production set code = 'RB-P'
21,update production set code = 'RB-R'
22,update production set code = 'RB-A'
26,update production set code = 'RB-S'
28,update production set code = 'RB-T'
41,update production set code = 'AH-Z'
57,update production set code = 'QJ-R'
59,update production set code = 'DL-H'
87,update production set code = 'JH-O'
99,update production set code = 'DL-T'
112,update production set code = 'DL-K'
117,update production set code = 'DL-D'
122,update production set code = 'FZ-L'
125,update production set code = 'FZ-O'
128,update production set code = 'YT-O'
129,update production set code = 'FZ-L'
144,update production set code = 'ZP-W'
147,update production set code = 'DW-R'
150,update production set code = 'SD-K'
153,update production set code = 'SD-B'
154,update production set code = 'SD-H'
158,update production set code = 'SD-V'
164,update production set code = 'JH-H'
176,update production set code = 'DW-P'
180,update production set code = 'SH-W'
182,update production set code = 'ZT-E'
183,update production set code = 'ZT-O'
186,update production set code = 'DW-V'
203,update production set code = 'RB-V'
215,update production set code = 'FY-D'
216,update production set code = 'DW-M'
223,update production set code = 'XT-K'
232,update production set code = 'DW-Q'
236,update production set code = 'XT-L'
247,update production set code = 'AH-S'
252,update production set code = 'FY-N'
254,update production set code = 'FY-P'
259,update production set code = 'DW-O'
262,update production set code = 'XT-K'
272,update production set code = 'RN-K'
286,update production set code = 'XT-A'
291,update production set code = 'DW-N'
307,update production set code = 'YT-P'
316,update production set code = 'RF-A'
332,update production set code = 'LZ-M'
333,update production set code = 'LZ-K'
346,update production set code = 'XT-B'
356,update production set code = 'KH-N'
421,update production set code = 'UO-K'
437,update production set code = 'GR-Z'
478,update production set code = 'GR-T'
480,update production set code = 'XT-S'
483,update production set code = 'LZ-F'
497,update production set code = 'DW-J'
501,update production set code = 'XT-H'
521,update production set code = 'GW-K'
529,update production set code = 'AZ-P'
530,update production set code = 'MN-A'
532,update production set code = 'QV-Y'
541,update production set code = 'XR-D'
550,update production set code = 'LZ-H'
557,update production set code = 'SK-Y'
579,update production set code = 'FN-U'
606,update production set code = 'QV-Y'
617,update production set code = 'GW-U'
626,update production set code = 'KL-E'
636,update production set code = 'LZ-F'
644,update production set code = 'DW-O'
648,update production set code = 'NK-T'
679,update production set code = 'RF-T'
709,update production set code = 'DW-N'
718,update production set code = 'SO-N'
729,update production set code = 'DL-B'
731,update production set code = 'KL-Z'
746,update production set code = 'AZ-Y'
748,update production set code = 'YT-L'
749,update production set code = 'EB-Z'
767,update production set code = 'DW-S'
776,update production set code = 'DL-J'
797,update production set code = 'NK-J'
800,update production set code = 'SH-K'
805,update production set code = 'DW-E'
829,update production set code = 'FN-Z'
842,update production set code = 'RF-S'
852,update production set code = 'GW-C'
866,update production set code = 'NK-G'
887,update production set code = 'LZ-W'
898,update production set code = 'RN-N'
912,update production set code = 'ZD-P'
916,update production set code = 'NK-H'
918,update production set code = 'GW-J'
923,update production set code = 'AH-D'
928,update production set code = 'AZ-W'
932,update production set code = 'FN-X'
943,update production set code = 'DL-M'
946,update production set code = 'UD-N'
948,update production set code = 'OU-D'
962,update production set code = 'RF-U'
966,update production set code = 'AZ-V'
985,update production set code = 'ZF-L'
990,update production set code = 'DW-G'
1002,update production set code = 'RF-R'
1016,update production set code = 'RF-Z'
1018,update production set code = 'DL-D'
1031,update production set code = 'NK-K'
1046,update production set code = 'GW-D'
1049,update production set code = 'YT-V'
1060,update production set code = 'YT-W'
1070,update production set code = 'OU-N'
1093,update production set code = 'FN-F'
1094,update production set code = 'MD-G'
1097,update production set code = 'DL-M'
1103,update production set code = 'MN-T'
1134,update production set code = 'LZ-N'
1162,update production set code = 'LZ-P'
1202,update production set code = 'LZ-X'
1211,update production set code = 'NK-L'
1213,update production set code = 'LX-R'
1243,update production set code = 'LZ-T'
1260,update production set code = 'XE-K'
1300,update production set code = 'UZ-Z'
1347,update production set code = 'JH-D'
1353,update production set code = 'AN-R'
1399,update production set code = 'FN-K'
1407,update production set code = 'PR-L'
1443,update production set code = 'HT-X'
1452,update production set code = 'AZ-X'
1473,update production set code = 'KH-E'
1477,update production set code = 'PK-B'
1479,update production set code = 'ZF-N'
1481,update production set code = 'GW-O'
1486,update production set code = 'SZ-R'
1490,update production set code = 'HT-Q'
1531,update production set code = 'ZD-F'
1538,update production set code = 'DW-V'
1551,update production set code = 'AZ-N'
1555,update production set code = 'GR-A'
1562,update production set code = 'GR-J'
1574,update production set code = 'QV-K'
1615,update production set code = 'EB-B'
1620,update production set code = 'DW-T'
1627,update production set code = 'XT-N'
1644,update production set code = 'DW-L'
1651,update production set code = 'DW-D'
1661,update production set code = 'RY-X'
1673,update production set code = 'DW-Q'
1691,update production set code = 'SH-R'
1712,update production set code = 'KH-T'
1720,update production set code = 'EB-J'
1724,update production set code = 'RY-N'
1727,update production set code = 'XT-V'
1731,update production set code = 'DW-X'
1737,update production set code = 'PR-F'
1738,update production set code = 'PR-Q'
1749,update production set code = 'DW-D'
1753,update production set code = 'PR-A'
1756,update production set code = 'DW-A'
1757,update production set code = 'DW-F'
1758,update production set code = 'DW-P'
1771,update production set code = 'KL-S'
1772,update production set code = 'KL-T'
1786,update production set code = 'XT-U'
1788,update production set code = 'XT-G'
1789,update production set code = 'XT-F'
1794,update production set code = 'SK-B'
1800,update production set code = 'DW-T'
1805,update production set code = 'NN-D'
1808,update production set code = 'RF-P'
1817,update production set code = 'LZ-N'
1818,update production set code = 'UM-B'
1819,update production set code = 'DW-Z'
1823,update production set code = 'DW-N'
1826,update production set code = 'DL-G'
1828,update production set code = 'UM-N'
1842,update production set code = 'XT-W'
1851,update production set code = 'QJ-N'
1853,update production set code = 'EB-S'
1867,update production set code = 'RY-L'
1877,update production set code = 'QJ-F'
1884,update production set code = 'PR-U'
1887,update production set code = 'DW-D'
1888,update production set code = 'QJ-L'
1917,update production set code = 'DW-A'
1925,update production set code = 'KH-F'
1930,update production set code = 'XT-X'
1934,update production set code = 'DW-W'
1945,update production set code = 'AH-F'
1970,update production set code = 'SD-L'
1971,update production set code = 'KH-O'
1996,update production set code = 'XE-E'
2003,update production set code = 'KH-A'
2043,update production set code = 'SD-E'
2061,update production set code = 'FF-E'
2069,update production set code = 'EB-F'
2070,update production set code = 'UZ-E'
2075,update production set code = 'SK-J'
2077,update production set code = 'AH-Y'
2078,update production set code = 'FF-L'
2088,update production set code = 'KH-R'
2090,update production set code = 'FN-J'
2094,update production set code = 'KH-J'
2107,update production set code = 'KL-S'
2122,update production set code = 'EB-Q'
2130,update production set code = 'AH-J'
2131,update production set code = 'GW-S'
2133,update production set code = 'DL-F'
2137,update production set code = 'KH-K'
2147,update production set code = 'XT-G'
2149,update production set code = 'SK-X'
2153,update production set code = 'PR-T'
2163,update production set code = 'DL-M'
2164,update production set code = 'GW-X'
2165,update production set code = 'DW-B'
2176,update production set code = 'GW-R'
2200,update production set code = 'PR-H'
2211,update production set code = 'FN-C'
2218,update production set code = 'PR-B'
2219,update production set code = 'PR-N'
2230,update production set code = 'EF-K'
2253,update production set code = 'QJ-J'
2255,update production set code = 'PJ-F'
2256,update production set code = 'PR-U'
2257,update production set code = 'RN-M'
2260,update production set code = 'QJ-X'
2261,update production set code = 'SH-L'
2265,update production set code = 'KH-E'
2280,update production set code = 'MT-V'
2285,update production set code = 'GE-X'
2287,update production set code = 'DW-N'
2300,update production set code = 'MT-R'
2303,update production set code = 'QJ-B'
2308,update production set code = 'JH-Q'
2309,update production set code = 'EF-Z'
2310,update production set code = 'AZ-W'
2312,update production set code = 'SZ-I'
2322,update production set code = 'KH-G'
2329,update production set code = 'DL-W'
2334,update production set code = 'EB-H'
2339,update production set code = 'DW-U'
2345,update production set code = 'YT-A'
2376,update production set code = 'YT-R'
2385,update production set code = 'GW-H'
2390,update production set code = 'FU-Q'
2393,update production set code = 'OU-O'
2402,update production set code = 'SD-L'
2414,update production set code = 'MN-S'
2432,update production set code = 'QV-J'
2437,update production set code = 'FV-B'
2442,update production set code = 'EB-V'
2446,update production set code = 'YT-S'
2450,update production set code = 'UZ-G'
2454,update production set code = 'GW-X'
2462,update production set code = 'EB-T'
2467,update production set code = 'GW-T'
2490,update production set code = 'ML-R'
2496,update production set code = 'RF-N'
2509,update production set code = 'SD-O'
2514,update production set code = 'AZ-Y'
2526,update production set code = 'UO-P'
2540,update production set code = 'ZD-P'
2551,update production set code = 'MN-J'
2555,update production set code = 'WX-T'
2556,update production set code = 'SD-F'
2561,update production set code = 'AZ-V'
2564,update production set code = 'GW-N'
2572,update production set code = 'SH-X'
2578,update production set code = 'WX-E'
2595,update production set code = 'JH-P'
2608,update production set code = 'SK-S'
2613,update production set code = 'KH-J'
2647,update production set code = 'DW-K'
2671,update production set code = 'RF-V'
2675,update production set code = 'EB-K'
2682,update production set code = 'XT-Z'
2693,update production set code = 'AH-L'
2694,update production set code = 'RF-J'
2705,update production set code = 'XT-X'
2710,update production set code = 'LZ-P'
2715,update production set code = 'XT-D'
2726,update production set code = 'XT-N'
2727,update production set code = 'QJ-D'
2728,update production set code = 'XT-K'
2729,update production set code = 'XT-F'
2732,update production set code = 'XT-M'
2733,update production set code = 'ZD-D'
2734,update production set code = 'EB-C'
2740,update production set code = 'LZ-F'
2745,update production set code = 'LZ-N'
2748,update production set code = 'KH-C'
2761,update production set code = 'QJ-P'
2763,update production set code = 'RF-R'
2776,update production set code = 'SD-J'
2793,update production set code = 'ZD-J'
2809,update production set code = 'QV-I'
2823,update production set code = 'RN-C'
2849,update production set code = 'ZD-C'
2853,update production set code = 'UM-W'
2854,update production set code = 'QJ-B'
2864,update production set code = 'QJ-B'
2867,update production set code = 'PR-O'
2912,update production set code = 'RF-O'
2916,update production set code = 'RY-S'
2939,update production set code = 'KH-R'
2967,update production set code = 'KH-H'
2971,update production set code = 'SH-K'
2993,update production set code = 'BP-C'
3011,update production set code = 'RY-T'
3033,update production set code = 'RF-F'
3042,update production set code = 'SK-Z'
3055,update production set code = 'KH-P'
3081,update production set code = 'AH-E'
3088,update production set code = 'SD-M'
3090,update production set code = 'LZ-R'
3098,update production set code = 'MN-J'
3100,update production set code = 'AZ-B'
3111,update production set code = 'ON-K'
3115,update production set code = 'YT-K'
3122,update production set code = 'NK-N'
3123,update production set code = 'SN-X'
3135,update production set code = 'LO-V'
3140,update production set code = 'JH-W'
3143,update production set code = 'GE-I'
3144,update production set code = 'PR-J'
3185,update production set code = 'SD-E'
3198,update production set code = 'WX-H'
3201,update production set code = 'MN-C'
3203,update production set code = 'XR-C'
3239,update production set code = 'LO-A'
3240,update production set code = 'SN-F'
3246,update production set code = 'SD-E'
3249,update production set code = 'ON-X'
3260,update production set code = 'SZ-A'
3265,update production set code = 'FN-L'
3274,update production set code = 'RN-C'
3281,update production set code = 'SK-G'
3286,update production set code = 'YO-V'
3287,update production set code = 'EF-P'
3288,update production set code = 'DW-S'
3289,update production set code = 'DL-W'
3311,update production set code = 'GW-M'
3312,update production set code = 'EF-M'
3318,update production set code = 'GW-E'
3339,update production set code = 'GE-U'
3350,update production set code = 'SD-P'
3357,update production set code = 'FU-F'
3366,update production set code = 'GE-E'
3380,update production set code = 'DL-Z'
3401,update production set code = 'SK-K'
3419,update production set code = 'SZ-K'
3424,update production set code = 'RN-F'
3477,update production set code = 'UZ-A'
3486,update production set code = 'ZX-F'
3487,update production set code = 'SD-G'
3491,update production set code = 'DL-T'
3497,update production set code = 'SD-K'
3528,update production set code = 'SD-Q'
3533,update production set code = 'FN-D'
3543,update production set code = 'SD-U'
3550,update production set code = 'SD-Y'
3561,update production set code = 'ZX-B'
3566,update production set code = 'FN-E'
3570,update production set code = 'GW-M'
3603,update production set code = 'YT-W'
3614,update production set code = 'AN-Z'
3631,update production set code = 'FU-D'
3635,update production set code = 'SK-Z'
3641,update production set code = 'RF-S'
3645,update production set code = 'SD-N'
3652,update production set code = 'QJ-V'
3691,update production set code = 'YT-N'
3699,update production set code = 'QJ-J'
3707,update production set code = 'OU-Y'
3714,update production set code = 'JH-F'
3719,update production set code = 'ZF-J'
3734,update production set code = 'KH-E'
3743,update production set code = 'SK-H'
3745,update production set code = 'YO-S'
3764,update production set code = 'UZ-S'
3766,update production set code = 'SZ-C'
3769,update production set code = 'KH-W'
3773,update production set code = 'GW-M'
3784,update production set code = 'SD-K'
3791,update production set code = 'PR-K'
3794,update production set code = 'DW-U'
3803,update production set code = 'RN-H'
3814,update production set code = 'ZD-K'
3828,update production set code = 'KH-L'
3834,update production set code = 'FU-T'
3839,update production set code = 'ZD-F'
3853,update production set code = 'RF-P'
3865,update production set code = 'YT-T'
3879,update production set code = 'KH-C'
3888,update production set code = 'JH-C'
3901,update production set code = 'JH-T'
3912,update production set code = 'AN-U'
3914,update production set code = 'JH-A'
3928,update production set code = 'JH-F'
3929,update production set code = 'JH-L'
3933,update production set code = 'FN-K'
3940,update production set code = 'LO-C'
3941,update production set code = 'SZ-R'
3951,update production set code = 'FN-D'
3959,update production set code = 'FU-P'
3961,update production set code = 'FU-R'
3976,update production set code = 'NX-B'
3983,update production set code = 'YO-Y'
3990,update production set code = 'NX-E'
3993,update production set code = 'WX-S'
4004,update production set code = 'DW-Z'
4011,update production set code = 'NN-Y'
4021,update production set code = 'FU-C'
4022,update production set code = 'FU-T'
4032,update production set code = 'EB-W'
4033,update production set code = 'SN-W'
4034,update production set code = 'YO-J'
4036,update production set code = 'EF-F'
4037,update production set code = 'FN-P'
4040,update production set code = 'DW-A'
4041,update production set code = 'GW-O'
4048,update production set code = 'UD-R'
4055,update production set code = 'YT-M'
4059,update production set code = 'DL-X'
4060,update production set code = 'DW-D'
4061,update production set code = 'MN-N'
4063,update production set code = 'NX-K'
4073,update production set code = 'SZ-S'
4086,update production set code = 'DW-Y'
4087,update production set code = 'SK-R'
4088,update production set code = 'QJ-Z'
4151,update production set code = 'JH-R'
4163,update production set code = 'FN-A'
4164,update production set code = 'ZF-F'
4168,update production set code = 'FN-X'
4170,update production set code = 'FN-N'
4173,update production set code = 'YO-W'
4182,update production set code = 'JH-R'
4193,update production set code = 'JH-P'
4197,update production set code = 'GW-D'
4201,update production set code = 'FU-V'
4202,update production set code = 'GW-W'
4203,update production set code = 'AZ-W'
4212,update production set code = 'FU-X'
4215,update production set code = 'RF-B'
4216,update production set code = 'EB-S'
4217,update production set code = 'AZ-W'
4224,update production set code = 'WX-J'
4226,update production set code = 'DL-O'
4228,update production set code = 'KH-D'
4231,update production set code = 'FU-J'
4235,update production set code = 'FU-K'
4237,update production set code = 'FL-T'
4239,update production set code = 'MT-D'
4256,update production set code = 'FN-W'
4261,update production set code = 'GE-J'
4272,update production set code = 'SD-H'
4292,update production set code = 'NN-H'
4298,update production set code = 'GE-A'
4300,update production set code = 'MN-M'
4303,update production set code = 'NN-J'
4306,update production set code = 'NN-W'
4307,update production set code = 'NN-U'
4309,update production set code = 'NN-D'
4311,update production set code = 'NN-Q'
4337,update production set code = 'SD-S'
4340,update production set code = 'UP-M'
4362,update production set code = 'FU-T'
4370,update production set code = 'GN-D'
4381,update production set code = 'FU-D'
4383,update production set code = 'SK-C'
4384,update production set code = 'NN-A'
4386,update production set code = 'VL-U'
4388,update production set code = 'PJ-E'
4398,update production set code = 'FU-S'
4400,update production set code = 'WX-E'
4406,update production set code = 'AZ-E'
4413,update production set code = 'EB-R'
4421,update production set code = 'DW-R'
4427,update production set code = 'DW-L'
4430,update production set code = 'NN-L'
4438,update production set code = 'EF-C'
4443,update production set code = 'SK-D'
4450,update production set code = 'DW-R'
4470,update production set code = 'SN-P'
4471,update production set code = 'GW-R'
4472,update production set code = 'ON-T'
4476,update production set code = 'GE-F'
4478,update production set code = 'RS-T'
4479,update production set code = 'KH-K'
4481,update production set code = 'EF-X'
4486,update production set code = 'SD-R'
4490,update production set code = 'MT-M'
4498,update production set code = 'PJ-Q'
4512,update production set code = 'RAE-B'
4526,update production set code = 'FN-N'
4527,update production set code = 'EB-X'
4533,update production set code = 'JH-P'
4536,update production set code = 'UZ-A'
4539,update production set code = 'LO-I'
4558,update production set code = 'DW-V'
4562,update production set code = 'JH-P'
4597,update production set code = 'DW-K'
4603,update production set code = 'AV-K'
4608,update production set code = 'NN-U'
4609,update production set code = 'MN-O'
4621,update production set code = 'FU-F'
4622,update production set code = 'NN-E'
4625,update production set code = 'EF-D'
4628,update production set code = 'AZ-M'
4632,update production set code = 'DL-N'
4659,update production set code = 'DW-E'
4660,update production set code = 'GE-E'
4678,update production set code = 'GW-V'
4699,update production set code = 'SZ-O'
4702,update production set code = 'ZD-S'
4711,update production set code = 'YO-D'
4714,update production set code = 'GW-U'
4720,update production set code = 'FN-Y'
4721,update production set code = 'FU-G'
4723,update production set code = 'EB-D'
4725,update production set code = 'GE-C'
4738,update production set code = 'DL-A'
4757,update production set code = 'SD-Z'
4766,update production set code = 'JH-Z'
4768,update production set code = 'EF-O'
4776,update production set code = 'KH-Y'
4781,update production set code = 'LO-X'
4787,update production set code = 'AZ-T'
4798,update production set code = 'LE-V'
4800,update production set code = 'DW-J'
4802,update production set code = 'UZ-D'
4814,update production set code = 'YO-G'
4819,update production set code = 'GW-U'
4823,update production set code = 'GW-B'
4844,update production set code = 'GW-M'
4846,update production set code = 'GW-N'
4850,update production set code = 'GW-L'
4852,update production set code = 'JH-N'
4858,update production set code = 'FL-V'
4863,update production set code = 'DL-W'
4864,update production set code = 'FL-G'
4871,update production set code = 'GW-C'
4874,update production set code = 'GW-W'
4876,update production set code = 'YO-C'
4884,update production set code = 'YO-S'
4889,update production set code = 'GW-V'
4895,update production set code = 'PJ-E'
4897,update production set code = 'GW-H'
4904,update production set code = 'FN-S'
4912,update production set code = 'FU-W'
4916,update production set code = 'FN-L'
4921,update production set code = 'GW-J'
4922,update production set code = 'GW-A'
4924,update production set code = 'FN-C'
4930,update production set code = 'WX-V'
4932,update production set code = 'JH-L'
4947,update production set code = 'DW-N'
4956,update production set code = 'SD-X'
4970,update production set code = 'YO-X'
4985,update production set code = 'DL-S'
4986,update production set code = 'MD-G'
4994,update production set code = 'DW-T'
5001,update production set code = 'LO-W'
5006,update production set code = 'FF-S'
5015,update production set code = 'MT-N'
5020,update production set code = 'DW-Y'
5029,update production set code = 'FU-Z'
5035,update production set code = 'FL-Y'
5039,update production set code = 'KH-T'
5040,update production set code = 'MN-F'
5074,update production set code = 'MT-F'
5076,update production set code = 'FL-L'
5087,update production set code = 'SD-G'
5089,update production set code = 'SK-U'
5090,update production set code = 'MT-D'
5101,update production set code = 'MT-E'
5105,update production set code = 'RN-F'
5122,update production set code = 'PJ-S'
5123,update production set code = 'HT-W'
5130,update production set code = 'FN-M'
5134,update production set code = 'FL-Y'
5144,update production set code = 'PK-B'
5152,update production set code = 'FU-A'
5156,update production set code = 'MT-T'
5159,update production set code = 'GW-S'
5165,update production set code = 'GW-P'
5170,update production set code = 'HT-M'
5174,update production set code = 'MT-Z'
5179,update production set code = 'RY-H'
5187,update production set code = 'YT-N'
5191,update production set code = 'FL-O'
5200,update production set code = 'FL-J'
5204,update production set code = 'FL-N'
5207,update production set code = 'SD-W'
5210,update production set code = 'GW-R'
5214,update production set code = 'MT-A'
5220,update production set code = 'FL-N'
5221,update production set code = 'GW-O'
5228,update production set code = 'SK-L'
5230,update production set code = 'NX-A'
5233,update production set code = 'FL-B'
5242,update production set code = 'FL-Q'
5255,update production set code = 'FL-A'
5261,update production set code = 'FL-T'
5262,update production set code = 'FL-A'
5264,update production set code = 'PK-C'
5267,update production set code = 'FL-G'
5271,update production set code = 'VL-R'
5275,update production set code = 'YO-T'
5282,update production set code = 'SZ-F'
5287,update production set code = 'LO-S'
5294,update production set code = 'HN-B'
5296,update production set code = 'SK-V'
5305,update production set code = 'YO-K'
5312,update production set code = 'DW-B'
5323,update production set code = 'DL-M'
5342,update production set code = 'SD-R'
5356,update production set code = 'HT-F'
5358,update production set code = 'AV-R'
5361,update production set code = 'SD-Q'
5365,update production set code = 'PR-O'
5383,update production set code = 'SD-F'
5390,update production set code = 'FF-R'
5394,update production set code = 'MN-F'
5398,update production set code = 'ZX-C'
5407,update production set code = 'SD-Y'
5408,update production set code = 'RY-V'
5416,update production set code = 'SK-U'
5510,update production set code = 'ZX-N'
5530,update production set code = 'UF-R'
5557,update production set code = 'FU-J'
5558,update production set code = 'YT-N'
5568,update production set code = 'GL-A'
5570,update production set code = 'SD-A'
5588,update production set code = 'YQ-A'
5645,update production set code = 'FT-F'
5676,update production set code = 'YQ-C'
5678,update production set code = 'GL-T'
5686,update production set code = 'YQ-E'
5713,update production set code = 'GW-R'
5724,update production set code = 'GN-N'
5734,update production set code = 'ZX-N'
5776,update production set code = 'MK-P'
5790,update production set code = 'UP-J'
5792,update production set code = 'HN-V'
5857,update production set code = 'ON-H'
5872,update production set code = 'FN-R'
5878,update production set code = 'SH-V'
5880,update production set code = 'SH-G'
5884,update production set code = 'GW-V'
5887,update production set code = 'FU-B'
5903,update production set code = 'MD-V'
5937,update production set code = 'SH-E'
5939,update production set code = 'YO-I'
5945,update production set code = 'YO-R'
5952,update production set code = 'YQ-P'
5955,update production set code = 'YQ-A'
5956,update production set code = 'YQ-V'
5957,update production set code = 'FY-N'
5958,update production set code = 'YQ-T'
5966,update production set code = 'FN-R'
5967,update production set code = 'NN-Z'
5978,update production set code = 'MD-D'
5983,update production set code = 'ON-H'
5984,update production set code = 'FN-N'
5985,update production set code = 'FN-C'
5988,update production set code = 'PH-N'
5989,update production set code = 'MD-P'
6029,update production set code = 'GW-A'
6049,update production set code = 'DV-U'
6061,update production set code = 'GW-H'
6065,update production set code = 'GW-L'
6066,update production set code = 'GW-P'
6067,update production set code = 'YQ-C'
6069,update production set code = 'GW-S'
6071,update production set code = 'AH-R'
6079,update production set code = 'MD-B'
6087,update production set code = 'FU-V'
6088,update production set code = 'RF-C'
6093,update production set code = 'NN-F'
6103,update production set code = 'MD-S'
6106,update production set code = 'FN-L'
6116,update production set code = 'EF-A'
6119,update production set code = 'GW-F'
6120,update production set code = 'MD-A'
6122,update production set code = 'SH-K'
6146,update production set code = 'AK-G'
6164,update production set code = 'FY-Y'
6165,update production set code = 'FN-J'
6166,update production set code = 'FN-S'
6169,update production set code = 'GW-S'
6177,update production set code = 'FU-X'
6183,update production set code = 'GW-D'
6186,update production set code = 'PK-B'
6190,update production set code = 'AE-U'
6192,update production set code = 'DN-N'
6194,update production set code = 'UZ-C'
6197,update production set code = 'FY-F'
6203,update production set code = 'FU-T'
6206,update production set code = 'FN-S'
6213,update production set code = 'FY-V'
6214,update production set code = 'YT-L'
6226,update production set code = 'GW-S'
6230,update production set code = 'FN-B'
6231,update production set code = 'FN-V'
6232,update production set code = 'FN-X'
6233,update production set code = 'FN-T'
6236,update production set code = 'JJ-N'
6259,update production set code = 'FL-Y'
6265,update production set code = 'FN-A'
6266,update production set code = 'GW-U'
6269,update production set code = 'GW-B'
6274,update production set code = 'AH-E'
6277,update production set code = 'OU-F'
6282,update production set code = 'GW-B'
6298,update production set code = 'DV-V'
6299,update production set code = 'SK-M'
6309,update production set code = 'MN-E'
6318,update production set code = 'NN-T'
6326,update production set code = 'FU-V'
6339,update production set code = 'SK-R'
6344,update production set code = 'GE-Z'
6345,update production set code = 'LZ-R'
6369,update production set code = 'PJ-Q'
6385,update production set code = 'MN-E'
6386,update production set code = 'DW-T'
6388,update production set code = 'DW-R'
6401,update production set code = 'DW-E'
6405,update production set code = 'DW-Q'
6407,update production set code = 'DW-Y'
6415,update production set code = 'DW-X'
6416,update production set code = 'MN-C'
6417,update production set code = 'DW-W'
6424,update production set code = 'SN-T'
6441,update production set code = 'FT-J'
6454,update production set code = 'HB-M'
6460,update production set code = 'JU-N'
6463,update production set code = 'UP-T'
6464,update production set code = 'UP-F'
6472,update production set code = 'UP-E'
6473,update production set code = 'UP-H'
6477,update production set code = 'UP-E'
6478,update production set code = 'UP-Y'
6479,update production set code = 'UP-O'
6480,update production set code = 'UP-V'
6511,update production set code = 'SK-R'
6515,update production set code = 'UP-O'
6585,update production set code = 'RN-V'
6593,update production set code = 'RN-M'
6628,update production set code = 'JU-J'
6685,update production set code = 'RN-A'
6689,update production set code = 'FL-P'
6692,update production set code = 'JJ-E'
6695,update production set code = 'FN-H'
6699,update production set code = 'FN-A'
6702,update production set code = 'FY-B'
6707,update production set code = 'JU-M'
6710,update production set code = 'FL-W'
6717,update production set code = 'SN-E'
6721,update production set code = 'GO-S'
6727,update production set code = 'PK-K'
6730,update production set code = 'GW-L'
6740,update production set code = 'PK-J'
6745,update production set code = 'FL-K'
6746,update production set code = 'FL-Y'
6748,update production set code = 'FL-L'
6758,update production set code = 'FL-O'
6759,update production set code = 'FL-X'
6763,update production set code = 'EB-Z'
6764,update production set code = 'AF-M'
6766,update production set code = 'EB-L'
6768,update production set code = 'EB-X'
6769,update production set code = 'EB-S'
6771,update production set code = 'EB-K'
6773,update production set code = 'EB-M'
6775,update production set code = 'EB-G'
6776,update production set code = 'EB-Q'
6779,update production set code = 'EB-V'
6780,update production set code = 'EB-Q'
6786,update production set code = 'FL-N'
6792,update production set code = 'RN-J'
6796,update production set code = 'FL-U'
6813,update production set code = 'ON-Y'
6817,update production set code = 'FL-R'
6832,update production set code = 'LE-D'
6839,update production set code = 'RN-G'
6880,update production set code = 'EF-V'
6885,update production set code = 'LE-R'
6963,update production set code = 'GW-O'
6973,update production set code = 'RN-C'
6979,update production set code = 'ON-P'
6994,update production set code = 'ON-N'
6999,update production set code = 'JU-X'
7004,update production set code = 'FY-F'
7007,update production set code = 'FU-L'
7016,update production set code = 'EF-B'
7018,update production set code = 'GZ-I'
7021,update production set code = 'FY-X'
7024,update production set code = 'FY-E'
7028,update production set code = 'FY-B'
7036,update production set code = 'FY-J'
7038,update production set code = 'FY-H'
7044,update production set code = 'GL-C'
7051,update production set code = 'EB-H'
7053,update production set code = 'EB-U'
7054,update production set code = 'EB-R'
7056,update production set code = 'EB-U'
7058,update production set code = 'EB-Y'
7063,update production set code = 'DL-F'
7064,update production set code = 'EB-W'
7068,update production set code = 'DL-A'
7069,update production set code = 'DL-M'
7071,update production set code = 'DL-V'
7074,update production set code = 'DL-K'
7123,update production set code = 'LO-R'
7126,update production set code = 'AZ-S'
7128,update production set code = 'SN-J'
7129,update production set code = 'DL-U'
7139,update production set code = 'GE-H'
7141,update production set code = 'GW-W'
7144,update production set code = 'FN-T'
7153,update production set code = 'EF-C'
7159,update production set code = 'SN-M'
7162,update production set code = 'FU-U'
7169,update production set code = 'VZ-J'
7178,update production set code = 'LO-O'
7183,update production set code = 'EF-Y'
7187,update production set code = 'YT-X'
7192,update production set code = 'MN-H'
7199,update production set code = 'AZ-R'
7207,update production set code = 'GW-Z'
7214,update production set code = 'DW-Q'
7222,update production set code = 'GW-A'
7240,update production set code = 'FF-U'
7257,update production set code = 'FU-A'
7258,update production set code = 'MD-U'
7263,update production set code = 'SD-N'
7267,update production set code = 'MD-C'
7270,update production set code = 'SD-E'
7273,update production set code = 'NK-D'
7281,update production set code = 'SD-D'
7298,update production set code = 'SZ-Q'
7300,update production set code = 'SD-V'
7302,update production set code = 'SD-Y'
7318,update production set code = 'HB-H'
7337,update production set code = 'JU-N'
7343,update production set code = 'SK-W'
7349,update production set code = 'PJ-B'
7354,update production set code = 'DW-K'
7362,update production set code = 'SD-P'
7363,update production set code = 'UF-N'
7369,update production set code = 'DW-H'
7397,update production set code = 'DW-D'
7399,update production set code = 'MN-C'
7408,update production set code = 'GW-P'
7411,update production set code = 'FU-J'
7430,update production set code = 'PK-B'
7432,update production set code = 'NN-X'
7485,update production set code = 'VL-F'
7502,update production set code = 'LO-B'
7503,update production set code = 'SK-Y'
7520,update production set code = 'SD-P'
7552,update production set code = 'VL-Q'
7561,update production set code = 'NN-D'
7564,update production set code = 'UF-Y'
7573,update production set code = 'NN-E'
7589,update production set code = 'SK-B'
7605,update production set code = 'SK-A'
7641,update production set code = 'YT-E'
7658,update production set code = 'NN-Z'
7666,update production set code = 'SZ-V'
7669,update production set code = 'GW-K'
7686,update production set code = 'NN-C'
7698,update production set code = 'NN-K'
7701,update production set code = 'DW-P'
7721,update production set code = 'GE-Q'
7748,update production set code = 'DW-F'
7759,update production set code = 'LZ-B'
7844,update production set code = 'GN-O'
7866,update production set code = 'SD-L'
7891,update production set code = 'UF-H'
7913,update production set code = 'KC-G'
7988,update production set code = 'LE-J'
7996,update production set code = 'JU-K'
8040,update production set code = 'UF-V'
8232,update production set code = 'WD-Q'
8320,update production set code = 'HT-E'
8364,update production set code = 'UP-Q'
8399,update production set code = 'GN-L'
8665,update production set code = 'UP-L'
8671,update production set code = 'UP-R'
8682,update production set code = 'UP-N'
8729,update production set code = 'UP-X'
8758,update production set code = 'FT-Y'
8873,update production set code = 'QJ-V'
8892,update production set code = 'UF-I'
8921,update production set code = 'QJ-D'
8923,update production set code = 'ZX-V'
8933,update production set code = 'ZX-W'
8961,update production set code = 'QJ-N'
8967,update production set code = 'ZX-A'
8998,update production set code = 'QJ-H'
9002,update production set code = 'ZF-M'
9057,update production set code = 'ZX-N'
9087,update production set code = 'ZX-E'
9111,update production set code = 'AF-N'
9119,update production set code = 'DG-M'
9124,update production set code = 'DL-A'
9151,update production set code = 'DG-C'
9155,update production set code = 'DL-J'
9183,update production set code = 'SW-K'
9189,update production set code = 'DG-K'
9197,update production set code = 'DL-Y'
9201,update production set code = 'DL-L'
9204,update production set code = 'DG-Z'
9205,update production set code = 'RD-E'
9213,update production set code = 'ZX-M'
9231,update production set code = 'TS-J'
9232,update production set code = 'TS-W'
9244,update production set code = 'ZX-B'
9268,update production set code = 'TS-C'
9269,update production set code = 'TS-V'
9274,update production set code = 'DG-M'
9276,update production set code = 'RD-S'
9282,update production set code = 'TS-X'
9286,update production set code = 'RD-S'
9292,update production set code = 'RD-V'
9298,update production set code = 'ZF-A'
9305,update production set code = 'ZX-A'
9329,update production set code = 'ZF-Z'
9352,update production set code = 'ZX-E'
9370,update production set code = 'TS-M'
9372,update production set code = 'AF-T'
9373,update production set code = 'TS-V'
9375,update production set code = 'ZF-F'
9376,update production set code = 'DL-M'
9382,update production set code = 'TS-G'
9385,update production set code = 'DL-R'
9386,update production set code = 'TS-I'
9396,update production set code = 'TS-U'
9407,update production set code = 'DL-O'
9410,update production set code = 'ZF-H'
9414,update production set code = 'DL-N'
9415,update production set code = 'TS-G'
9417,update production set code = 'ZF-B'
9418,update production set code = 'TS-Q'
9422,update production set code = 'ZF-L'
9426,update production set code = 'DL-M'
9428,update production set code = 'TS-D'
9432,update production set code = 'DL-Z'
9442,update production set code = 'ZF-R'
9445,update production set code = 'DL-T'
9468,update production set code = 'ZP-Y'
9469,update production set code = 'AF-Z'
9478,update production set code = 'CR-C'
9484,update production set code = 'ZP-Y'
9493,update production set code = 'ZP-K'
9504,update production set code = 'DL-W'
9523,update production set code = 'ZP-B'
9532,update production set code = 'DL-Y'
9535,update production set code = 'TS-M'
9555,update production set code = 'MS-F'
9563,update production set code = 'AF-K'
9565,update production set code = 'UP-Y'
9567,update production set code = 'UP-X'
9569,update production set code = 'UP-S'
9570,update production set code = 'QY-T'
9571,update production set code = 'UP-H'
9603,update production set code = 'UP-U'
9654,update production set code = 'UP-P'
9696,update production set code = 'UP-W'
9703,update production set code = 'UP-G'
9712,update production set code = 'UP-S'
9741,update production set code = 'JU-C'
9761,update production set code = 'FT-Z'
9818,update production set code = 'QP-T'
9858,update production set code = 'UP-W'
9860,update production set code = 'UP-D'
9929,update production set code = 'JU-S'
9975,update production set code = 'DB-F'
10037,update production set code = 'GN-X'
10141,update production set code = 'SN-V'
10447,update production set code = 'NN-F'
10467,update production set code = 'UP-C'
10468,update production set code = 'HB-O'
10501,update production set code = 'JU-U'
10515,update production set code = 'GN-F'
10517,update production set code = 'UP-G'
10522,update production set code = 'JU-T'
10525,update production set code = 'GO-Y'
10530,update production set code = 'FN-D'
10549,update production set code = 'UP-V'
10553,update production set code = 'RN-A'
10569,update production set code = 'RAV-D'
10570,update production set code = 'RAV-C'
10576,update production set code = 'JX-C'
10586,update production set code = 'RAV-F'
10587,update production set code = 'DL-Q'
10588,update production set code = 'EB-X'
10593,update production set code = 'DL-T'
10595,update production set code = 'RAV-J'
10602,update production set code = 'DL-V'
10605,update production set code = 'RAI-O'
10606,update production set code = 'RAG-N'
10615,update production set code = 'RAG-M'
10621,update production set code = 'JX-U'
10626,update production set code = 'EB-V'
10633,update production set code = 'RAI-M'
10635,update production set code = 'LO-H'
10641,update production set code = 'RAI-H'
10644,update production set code = 'RAG-V'
10645,update production set code = 'DL-U'
10658,update production set code = 'EB-C'
10660,update production set code = 'JX-O'
10665,update production set code = 'RAV-B'
10667,update production set code = 'RAI-K'
10675,update production set code = 'RAG-H'
10960,update production set code = 'TS-A'
10968,update production set code = 'QY-Q'
10975,update production set code = 'MS-X'
10978,update production set code = 'AF-H'
10981,update production set code = 'DG-L'
11001,update production set code = 'KC-B'
11007,update production set code = 'DG-Q'
11020,update production set code = 'UM-D'
11055,update production set code = 'JU-X'
11057,update production set code = 'UP-O'
11059,update production set code = 'JU-Y'
11061,update production set code = 'FN-V'
11066,update production set code = 'UP-Z'
11074,update production set code = 'JU-H'
11093,update production set code = 'UP-Z'
11112,update production set code = 'FN-T'
11114,update production set code = 'JJ-V'
11118,update production set code = 'JU-D'
11186,update production set code = 'FN-S'
11193,update production set code = 'FU-A'
11248,update production set code = 'ZF-P'
11265,update production set code = 'DB-A'
11291,update production set code = 'UP-R'
11354,update production set code = 'RN-B'
11356,update production set code = 'EF-S'
11366,update production set code = 'BQ-M'
11386,update production set code = 'FN-F'
11427,update production set code = 'JU-E'
11435,update production set code = 'JU-V'
11446,update production set code = 'JU-A'
11453,update production set code = 'FN-L'
11470,update production set code = 'JJ-B'
11471,update production set code = 'AU-M'
11479,update production set code = 'DV-V'
11559,update production set code = 'UP-H'
11576,update production set code = 'JU-B'
11588,update production set code = 'ZF-R'
11595,update production set code = 'DV-Y'
11603,update production set code = 'FN-W'
11617,update production set code = 'WX-B'
11628,update production set code = 'GZ-D'
11629,update production set code = 'NN-F'
11649,update production set code = 'NX-A'
11658,update production set code = 'WX-F'
11663,update production set code = 'NX-U'
11965,update production set code = 'YQ-F'
11966,update production set code = 'YQ-X'
11967,update production set code = 'YQ-T'
11992,update production set code = 'EB-H'
11993,update production set code = 'EB-A'
11994,update production set code = 'EB-U'
11995,update production set code = 'EB-Y'
11996,update production set code = 'EB-U'
11998,update production set code = 'EB-B'
11999,update production set code = 'EB-X'
12000,update production set code = 'EB-K'
12001,update production set code = 'DL-D'
12002,update production set code = 'EB-T'
12006,update production set code = 'ON-C'
12007,update production set code = 'ON-E'
12011,update production set code = 'ON-Z'
12013,update production set code = 'ON-J'
12016,update production set code = 'EB-W'
12017,update production set code = 'EB-Q'
12018,update production set code = 'EB-R'
12020,update production set code = 'EB-G'
12021,update production set code = 'EB-T'
12023,update production set code = 'EB-V'
12024,update production set code = 'EB-P'
12025,update production set code = 'EB-L'
12026,update production set code = 'DL-V'
12027,update production set code = 'EB-J'
12028,update production set code = 'EB-R'
12029,update production set code = 'DL-H'
12030,update production set code = 'EB-V'
12032,update production set code = 'EB-G'
12034,update production set code = 'EB-N'
12036,update production set code = 'DL-C'
12037,update production set code = 'EB-K'
12038,update production set code = 'DL-L'
12040,update production set code = 'EB-P'
12041,update production set code = 'EB-T'
12043,update production set code = 'EB-N'
12044,update production set code = 'EB-X'
12045,update production set code = 'EB-D'
12048,update production set code = 'EB-T'
12049,update production set code = 'EB-E'
12051,update production set code = 'EB-G'
12052,update production set code = 'EB-V'
12054,update production set code = 'EB-K'
12056,update production set code = 'EB-X'
12057,update production set code = 'EB-S'
12058,update production set code = 'EB-B'
12089,update production set code = 'YQ-G'
12093,update production set code = 'YQ-J'
12130,update production set code = 'RD-R'
12138,update production set code = 'QY-R'
12142,update production set code = 'YQ-C'
12149,update production set code = 'YQ-E'
12153,update production set code = 'ON-F'
12157,update production set code = 'YQ-K'
12207,update production set code = 'YQ-W'
12214,update production set code = 'HG-U'
12236,update production set code = 'DG-V'
12247,update production set code = 'TS-P'
12248,update production set code = 'ZF-C'
12254,update production set code = 'ZF-P'
12270,update production set code = 'MS-R'
12278,update production set code = 'AF-A'
12285,update production set code = 'TS-L'
12287,update production set code = 'ZF-N'
12290,update production set code = 'DL-B'
12301,update production set code = 'ZP-R'
12320,update production set code = 'AF-C'
12335,update production set code = 'AF-S'
12348,update production set code = 'DL-J'
12356,update production set code = 'UM-X'
12380,update production set code = 'ZP-K'
12425,update production set code = 'AH-V'
12435,update production set code = 'FF-S'
12437,update production set code = 'YT-N'
12442,update production set code = 'YT-C'
12446,update production set code = 'GE-L'
12452,update production set code = 'DV-B'
12466,update production set code = 'ZD-M'
12468,update production set code = 'OO-A'
12471,update production set code = 'DV-S'
12478,update production set code = 'DV-T'
12487,update production set code = 'OO-A'
12493,update production set code = 'DV-D'
12494,update production set code = 'DV-X'
12495,update production set code = 'DV-W'
12499,update production set code = 'DV-M'
12511,update production set code = 'DV-U'
12514,update production set code = 'DU-F'
12520,update production set code = 'TM-U'
12526,update production set code = 'FF-F'
12535,update production set code = 'DV-O'
12536,update production set code = 'MN-Q'
12578,update production set code = 'GO-D'
12589,update production set code = 'RN-V'
12618,update production set code = 'JJ-K'
12625,update production set code = 'GE-Z'
12632,update production set code = 'VZ-V'
12647,update production set code = 'UP-H'
12670,update production set code = 'SK-S'
12675,update production set code = 'ZF-K'
12695,update production set code = 'GO-B'
12701,update production set code = 'LO-R'
12715,update production set code = 'LZ-H'
12721,update production set code = 'OO-A'
12728,update production set code = 'LO-X'
12752,update production set code = 'BQ-Y'
12758,update production set code = 'SK-P'
12760,update production set code = 'DV-N'
12777,update production set code = 'SK-Q'
12787,update production set code = 'SK-Y'
12814,update production set code = 'SK-H'
12829,update production set code = 'JJ-D'
12832,update production set code = 'DV-D'
12835,update production set code = 'LO-E'
12846,update production set code = 'FT-D'
12858,update production set code = 'SK-G'
12861,update production set code = 'NN-F'
12862,update production set code = 'SK-B'
12863,update production set code = 'RF-G'
12908,update production set code = 'GO-B'
12933,update production set code = 'FT-N'
12946,update production set code = 'JJ-A'
12949,update production set code = 'LO-S'
12954,update production set code = 'DV-Y'
12955,update production set code = 'JH-U'
12963,update production set code = 'FF-A'
12964,update production set code = 'LO-B'
12967,update production set code = 'MN-G'
12982,update production set code = 'GW-S'
13010,update production set code = 'SK-W'
13011,update production set code = 'FN-X'
13024,update production set code = 'GE-K'
13026,update production set code = 'MN-C'
13046,update production set code = 'JU-Q'
13063,update production set code = 'ZF-P'
13074,update production set code = 'FU-K'
13087,update production set code = 'LO-K'
13107,update production set code = 'FU-R'
13111,update production set code = 'ZF-O'
13112,update production set code = 'VL-G'
13122,update production set code = 'GE-J'
13160,update production set code = 'FF-T'
13174,update production set code = 'FF-S'
13197,update production set code = 'VZ-L'
13205,update production set code = 'VL-N'
13216,update production set code = 'FN-V'
13236,update production set code = 'FU-A'
13251,update production set code = 'GW-W'
13265,update production set code = 'UF-P'
13272,update production set code = 'FN-E'
13280,update production set code = 'LZ-Q'
13348,update production set code = 'FF-G'
13382,update production set code = 'EF-J'
13412,update production set code = 'FN-T'
13418,update production set code = 'AH-G'
13427,update production set code = 'EF-P'
13428,update production set code = 'GW-O'
13432,update production set code = 'GE-A'
13457,update production set code = 'SK-B'
13464,update production set code = 'FN-E'
13482,update production set code = 'GW-U'
13488,update production set code = 'PH-N'
13492,update production set code = 'DN-T'
13495,update production set code = 'AK-B'
13515,update production set code = 'AU-F'
13528,update production set code = 'GE-G'
13557,update production set code = 'FN-C'
13558,update production set code = 'UF-M'
13564,update production set code = 'JU-R'
13571,update production set code = 'JH-N'
13577,update production set code = 'DU-J'
13588,update production set code = 'FN-S'
13597,update production set code = 'AH-F'
13599,update production set code = 'GE-F'
13607,update production set code = 'LZ-N'
13613,update production set code = 'AU-P'
13630,update production set code = 'NN-O'
13632,update production set code = 'FT-F'
13635,update production set code = 'FN-Y'
13641,update production set code = 'GW-G'
13643,update production set code = 'FN-Z'
13644,update production set code = 'GE-P'
13645,update production set code = 'RY-P'
13651,update production set code = 'EF-G'
13657,update production set code = 'KC-X'
13658,update production set code = 'FF-O'
13674,update production set code = 'OU-C'
13675,update production set code = 'RY-E'
13680,update production set code = 'LZ-V'
13682,update production set code = 'AH-T'
13691,update production set code = 'VL-H'
13694,update production set code = 'MN-Z'
13701,update production set code = 'AU-R'
13710,update production set code = 'VL-R'
13724,update production set code = 'GW-X'
13726,update production set code = 'FN-M'
13735,update production set code = 'OU-S'
13763,update production set code = 'FU-D'
13775,update production set code = 'EF-V'
13776,update production set code = 'OO-A'
13790,update production set code = 'YO-D'
13799,update production set code = 'VL-F'
13803,update production set code = 'FU-Y'
13813,update production set code = 'ZF-T'
13821,update production set code = 'GE-V'
13829,update production set code = 'LZ-P'
13833,update production set code = 'FU-K'
13837,update production set code = 'WX-H'
13876,update production set code = 'FU-Z'
13881,update production set code = 'SK-D'
13915,update production set code = 'SK-N'
13916,update production set code = 'AU-A'
13919,update production set code = 'US-R'
13930,update production set code = 'KC-M'
13942,update production set code = 'FU-J'
13952,update production set code = 'MN-E'
13956,update production set code = 'AP-R'
13960,update production set code = 'FT-M'
13971,update production set code = 'UF-T'
13984,update production set code = 'FU-R'
13986,update production set code = 'FU-L'
13987,update production set code = 'SK-Q'
13989,update production set code = 'LZ-J'
13992,update production set code = 'US-B'
13993,update production set code = 'AU-E'
14008,update production set code = 'AH-S'
14009,update production set code = 'SK-G'
14020,update production set code = 'LO-A'
14027,update production set code = 'FU-F'
14040,update production set code = 'FF-V'
14047,update production set code = 'SK-B'
14053,update production set code = 'JX-M'
14068,update production set code = 'FN-M'
14079,update production set code = 'DU-C'
14081,update production set code = 'VL-V'
14091,update production set code = 'RY-E'
14098,update production set code = 'JU-D'
14104,update production set code = 'AH-D'
14108,update production set code = 'UF-S'
14109,update production set code = 'JX-N'
14112,update production set code = 'GZ-R'
14116,update production set code = 'PH-O'
14135,update production set code = 'SK-T'
14136,update production set code = 'SK-W'
14137,update production set code = 'SK-E'
14156,update production set code = 'ZD-L'
14171,update production set code = 'AH-N'
14173,update production set code = 'SK-A'
14182,update production set code = 'FF-N'
14190,update production set code = 'SK-X'
14198,update production set code = 'SK-P'
14214,update production set code = 'SK-E'
14225,update production set code = 'AH-B'
14233,update production set code = 'FN-J'
14239,update production set code = 'ZD-C'
14244,update production set code = 'FN-X'
14246,update production set code = 'JH-P'
14256,update production set code = 'US-E'
14267,update production set code = 'AU-M'
14270,update production set code = 'OO-A'
14294,update production set code = 'SK-M'
14298,update production set code = 'JH-S'
14301,update production set code = 'FN-M'
14313,update production set code = 'FU-P'
14321,update production set code = 'JX-F'
14323,update production set code = 'AH-H'
14332,update production set code = 'FF-P'
14340,update production set code = 'JH-M'
14356,update production set code = 'FN-B'
14361,update production set code = 'FN-E'
14375,update production set code = 'SK-P'
14378,update production set code = 'AH-E'
14389,update production set code = 'US-H'
14392,update production set code = 'JH-P'
14395,update production set code = 'RY-F'
14402,update production set code = 'AH-X'
14449,update production set code = 'RY-P'
14485,update production set code = 'JH-J'
14487,update production set code = 'JH-T'
14489,update production set code = 'JH-S'
14491,update production set code = 'ZF-T'
14505,update production set code = 'DV-B'
14507,update production set code = 'VL-Y'
14508,update production set code = 'NK-L'
14518,update production set code = 'WX-H'
14541,update production set code = 'AH-L'
14549,update production set code = 'FF-T'
14564,update production set code = 'SK-G'
14567,update production set code = 'JH-V'
14575,update production set code = 'UP-D'
14576,update production set code = 'UP-U'
14582,update production set code = 'UP-L'
14583,update production set code = 'UP-J'
14585,update production set code = 'UP-E'
14586,update production set code = 'UP-T'
14587,update production set code = 'UP-A'
14591,update production set code = 'UP-B'
14592,update production set code = 'ZP-Q'
14601,update production set code = 'DL-W'
14603,update production set code = 'ZP-Q'
14605,update production set code = 'DL-H'
14607,update production set code = 'ZP-H'
14610,update production set code = 'UP-M'
14613,update production set code = 'ZX-W'
14614,update production set code = 'UP-R'
14619,update production set code = 'UM-E'
14624,update production set code = 'QJ-J'
14629,update production set code = 'HM-B'
14645,update production set code = 'UP-F'
14658,update production set code = 'RG-V'
14669,update production set code = 'CR-C'
14675,update production set code = 'DL-D'
14686,update production set code = 'UP-N'
14688,update production set code = 'QY-D'
14711,update production set code = 'UP-C'
14720,update production set code = 'UP-O'
14726,update production set code = 'BQ-C'
14784,update production set code = 'KC-F'
14785,update production set code = 'QY-W'
14795,update production set code = 'QY-R'
14905,update production set code = 'ZX-M'
14918,update production set code = 'AF-D'
14931,update production set code = 'AF-L'
14937,update production set code = 'UM-M'
14943,update production set code = 'HM-U'
14954,update production set code = 'AF-C'
14962,update production set code = 'UM-U'
15059,update production set code = 'VH-H'
15074,update production set code = 'RAS-J'
15084,update production set code = 'EB-Q'
15086,update production set code = 'EB-J'
15092,update production set code = 'MN-E'
15115,update production set code = 'RAT-C'
15212,update production set code = 'MS-B'
15477,update production set code = 'LZ-R'
15486,update production set code = 'FU-T'
15498,update production set code = 'AU-K'
15499,update production set code = 'FT-O'
15503,update production set code = 'DN-S'
15504,update production set code = 'FU-Z'
15506,update production set code = 'JH-M'
15508,update production set code = 'FN-I'
15523,update production set code = 'AH-W'
15524,update production set code = 'JX-V'
15528,update production set code = 'AH-V'
15535,update production set code = 'UF-A'
15542,update production set code = 'OO-A'
15557,update production set code = 'AH-C'
15563,update production set code = 'FF-H'
15565,update production set code = 'AH-K'
15576,update production set code = 'FF-I'
15578,update production set code = 'FU-V'
15597,update production set code = 'FF-R'
15604,update production set code = 'AH-M'
15608,update production set code = 'AH-O'
15609,update production set code = 'DV-N'
15619,update production set code = 'ZF-A'
15626,update production set code = 'LK-M'
15630,update production set code = 'FF-A'
15637,update production set code = 'AH-X'
15641,update production set code = 'FF-K'
15643,update production set code = 'LZ-F'
15645,update production set code = 'JH-A'
15652,update production set code = 'AH-D'
15656,update production set code = 'GW-U'
15691,update production set code = 'RY-Y'
15694,update production set code = 'AH-S'
15704,update production set code = 'FF-X'
15715,update production set code = 'GW-T'
15718,update production set code = 'FN-T'
15729,update production set code = 'FF-C'
15733,update production set code = 'AH-F'
15734,update production set code = 'FF-E'
15743,update production set code = 'AH-R'
15751,update production set code = 'FF-J'
15759,update production set code = 'FF-I'
15762,update production set code = 'FN-V'
15773,update production set code = 'AH-L'
15786,update production set code = 'AH-A'
15792,update production set code = 'AH-S'
15793,update production set code = 'GW-O'
15797,update production set code = 'FU-B'
15799,update production set code = 'FU-G'
15804,update production set code = 'GW-W'
15806,update production set code = 'FF-F'
15807,update production set code = 'FN-F'
15816,update production set code = 'FF-V'
15817,update production set code = 'FN-D'
15828,update production set code = 'AH-T'
15838,update production set code = 'GW-H'
15866,update production set code = 'RAT-B'
15875,update production set code = 'RAQ-K'
15887,update production set code = 'MN-D'
15892,update production set code = 'VL-M'
15904,update production set code = 'MN-C'
15905,update production set code = 'VL-R'
15913,update production set code = 'RAR-H'
15925,update production set code = 'DW-R'
15955,update production set code = 'RAR-D'
15956,update production set code = 'RAV-V'
15963,update production set code = 'RAV-W'
15971,update production set code = 'RAS-K'
16051,update production set code = 'RAT-F'
16053,update production set code = 'EB-H'
16061,update production set code = 'NI-W'
16605,update production set code = 'AC-C'
16623,update production set code = 'AC-A'
16639,update production set code = 'AC-D'
16646,update production set code = 'AC-E'
16685,update production set code = 'AC-B'
16697,update production set code = 'AC-C'
16820,update production set code = 'RAJ-D'
16824,update production set code = 'RAI-L'
16825,update production set code = 'RAR-F'
16827,update production set code = 'DW-A'
16831,update production set code = 'RAD-D'
16832,update production set code = 'RAG-Q'
16834,update production set code = 'RAT-E'
16837,update production set code = 'LA-M'
16843,update production set code = 'RAO-C'
16844,update production set code = 'XT-G'
16852,update production set code = 'LO-D'
16854,update production set code = 'RAD-S'
16856,update production set code = 'RAT-H'
16857,update production set code = 'XT-L'
16860,update production set code = 'RAI-B'
16875,update production set code = 'LA-F'
16876,update production set code = 'RAQ-F'
16883,update production set code = 'RAG-U'
16884,update production set code = 'LA-D'
16886,update production set code = 'RAI-F'
16890,update production set code = 'RAD-C'
16896,update production set code = 'RAG-Y'
16897,update production set code = 'RAT-A'
16898,update production set code = 'RAO-P'
16900,update production set code = 'RAV-L'
16902,update production set code = 'XT-O'
16905,update production set code = 'RAT-C'
16908,update production set code = 'DW-G'
16911,update production set code = 'XT-Q'
16913,update production set code = 'RAD-S'
16918,update production set code = 'RAR-L'
16926,update production set code = 'RAC-C'
16928,update production set code = 'RAD-A'
16937,update production set code = 'XT-P'
16939,update production set code = 'RAD-W'
16944,update production set code = 'DW-N'
16952,update production set code = 'RAV-A'
16953,update production set code = 'RAR-M'
16967,update production set code = 'RAO-L'
16977,update production set code = 'LA-G'
16980,update production set code = 'RAI-C'
16984,update production set code = 'RAT-K'
16987,update production set code = 'RAC-J'
16988,update production set code = 'DW-E'
16989,update production set code = 'RAV-S'
16990,update production set code = 'XT-F'
16994,update production set code = 'RAT-B'
17004,update production set code = 'RAD-H'
17008,update production set code = 'RAT-K'
17011,update production set code = 'RAN-O'
17012,update production set code = 'LA-Q'
17014,update production set code = 'RAC-D'
17015,update production set code = 'RAD-G'
17030,update production set code = 'RAD-T'
17033,update production set code = 'RAU-T'
17047,update production set code = 'FY-J'
17051,update production set code = 'RAT-F'
17060,update production set code = 'RAG-J'
17062,update production set code = 'RAO-G'
17066,update production set code = 'FY-K'
17067,update production set code = 'RAG-X'
17068,update production set code = 'RAD-E'
17072,update production set code = 'FY-H'
17108,update production set code = 'FN-L'
17113,update production set code = 'FU-K'
17132,update production set code = 'DV-X'
17140,update production set code = 'LZ-X'
17149,update production set code = 'FN-S'
17154,update production set code = 'AH-D'
17155,update production set code = 'JU-A'
17159,update production set code = 'FN-Z'
17166,update production set code = 'LV-N'
17176,update production set code = 'FU-T'
17181,update production set code = 'NL-R'
17182,update production set code = 'GW-M'
17186,update production set code = 'AH-A'
17189,update production set code = 'FN-R'
17191,update production set code = 'FN-N'
17193,update production set code = 'FN-N'
17198,update production set code = 'AH-A'
17204,update production set code = 'ON-Q'
17209,update production set code = 'FU-U'
17210,update production set code = 'AH-L'
17211,update production set code = 'TM-L'
17213,update production set code = 'FN-K'
17234,update production set code = 'ZF-Z'
17242,update production set code = 'GW-Z'
17243,update production set code = 'VL-E'
17244,update production set code = 'FU-D'
17245,update production set code = 'SK-X'
17246,update production set code = 'FU-S'
17247,update production set code = 'FF-S'
17248,update production set code = 'SK-A'
17250,update production set code = 'FT-B'
17251,update production set code = 'FF-N'
17312,update production set code = 'FN-P'
17315,update production set code = 'TM-E'
17320,update production set code = 'PN-N'
17327,update production set code = 'FN-F'
17331,update production set code = 'FN-M'
17332,update production set code = 'GW-W'
17346,update production set code = 'FU-A'
17353,update production set code = 'FN-T'
17356,update production set code = 'AH-Z'
17362,update production set code = 'FF-V'
17373,update production set code = 'UF-V'
17376,update production set code = 'AH-L'
18095,update production set code = 'VG-A'
18234,update production set code = 'AH-A'
18251,update production set code = 'JU-H'
18308,update production set code = 'FT-T'
18326,update production set code = 'LZ-F'
18333,update production set code = 'FN-D'
18362,update production set code = 'AH-R'
18413,update production set code = 'UF-F'
18415,update production set code = 'DV-R'
18422,update production set code = 'GW-D'
18429,update production set code = 'NL-M'
18444,update production set code = 'WR-R'
18463,update production set code = 'FN-B'
18482,update production set code = 'AH-E'
18486,update production set code = 'FN-F'
18507,update production set code = 'UF-G'
18521,update production set code = 'AH-R'
18527,update production set code = 'GW-P'
18551,update production set code = 'AH-M'
18557,update production set code = 'FN-A'
18558,update production set code = 'AH-T'
18560,update production set code = 'FT-A'
18571,update production set code = 'GW-S'
18572,update production set code = 'AH-J'
18576,update production set code = 'AH-S'
18582,update production set code = 'AH-T'
18587,update production set code = 'TM-Z'
18593,update production set code = 'FN-K'
18595,update production set code = 'FN-G'
18620,update production set code = 'FN-T'
18623,update production set code = 'FN-L'
18630,update production set code = 'GW-N'
18632,update production set code = 'FN-C'
18633,update production set code = 'UF-A'
18635,update production set code = 'AH-J'
18638,update production set code = 'FN-P'
18643,update production set code = 'FN-X'
18647,update production set code = 'AH-A'
18649,update production set code = 'AH-K'
18654,update production set code = 'AH-R'
18669,update production set code = 'PH-N'
18676,update production set code = 'AH-M'
18708,update production set code = 'AH-P'
18719,update production set code = 'ON-H'
18721,update production set code = 'FN-D'
18735,update production set code = 'AH-K'
18744,update production set code = 'GW-U'
18745,update production set code = 'FN-R'
18765,update production set code = 'FN-R'
18768,update production set code = 'AH-W'
18770,update production set code = 'AH-M'
18771,update production set code = 'GW-A'
18833,update production set code = 'ON-B'
18838,update production set code = 'FT-D'
18928,update production set code = 'VL-L'
18937,update production set code = 'DW-A'
18942,update production set code = 'MN-O'
18943,update production set code = 'DW-B'
18946,update production set code = 'DW-D'
18947,update production set code = 'VL-A'
18948,update production set code = 'DL-I'
18954,update production set code = 'DW-E'
18956,update production set code = 'MN-F'
18957,update production set code = 'DW-G'
18961,update production set code = 'DL-T'
18967,update production set code = 'DL-E'
18971,update production set code = 'VL-B'
18972,update production set code = 'MN-L'
18976,update production set code = 'MN-G'
19002,update production set code = 'DV-C'
19021,update production set code = 'VL-M'
19051,update production set code = 'VL-J'
19075,update production set code = 'ON-G'
19098,update production set code = 'AP-D'
19102,update production set code = 'MN-A'
19127,update production set code = 'MN-R'
19138,update production set code = 'VL-A'
19144,update production set code = 'VL-Q'
19155,update production set code = 'AP-D'
19181,update production set code = 'AE-P'
19183,update production set code = 'MN-M'
19187,update production set code = 'MN-H'
19194,update production set code = 'RAN-G'
19198,update production set code = 'MN-L'
19225,update production set code = 'RAG-G'
19229,update production set code = 'EB-E'
19239,update production set code = 'VH-X'
19317,update production set code = 'RAS-F'
19321,update production set code = 'FF-J'
19337,update production set code = 'RL-D'
19340,update production set code = 'RAR-K'
19389,update production set code = 'FF-Q'
19409,update production set code = 'AE-J'
19423,update production set code = 'FF-B'
19433,update production set code = 'FF-A'
19465,update production set code = 'FF-U'
19471,update production set code = 'HM-A'
19479,update production set code = 'CE-A'
19496,update production set code = 'MS-F'
19501,update production set code = 'AH-S'
19504,update production set code = 'DV-Q'
19511,update production set code = 'GL-A'
19519,update production set code = 'AH-X'
19551,update production set code = 'UF-K'
19553,update production set code = 'FT-B'
19559,update production set code = 'ON-T'
19578,update production set code = 'RAB-J'
19580,update production set code = 'YT-Q'
19587,update production set code = 'YT-F'
19589,update production set code = 'PR-G'
19593,update production set code = 'HT-C'
19595,update production set code = 'PR-B'
19599,update production set code = 'NG-C'
19603,update production set code = 'NG-D'
19608,update production set code = 'RAB-E'
19611,update production set code = 'HT-A'
19774,update production set code = 'RAB-F'
19794,update production set code = 'RAJ-H'
19797,update production set code = 'RAS-E'
19803,update production set code = 'RAB-M'
19816,update production set code = 'NG-T'
19823,update production set code = 'RAJ-M'
19828,update production set code = 'RAK-Y'
19868,update production set code = 'RAB-K'
19871,update production set code = 'RAU-T'
19873,update production set code = 'RAS-H'
19878,update production set code = 'RAU-C'
19879,update production set code = 'RAK-W'
19883,update production set code = 'UB-A'
19884,update production set code = 'QV-A'
19888,update production set code = 'RAS-D'
19893,update production set code = 'HT-Y'
19897,update production set code = 'HT-G'
19928,update production set code = 'FU-D'
19931,update production set code = 'FU-N'
19937,update production set code = 'FU-Q'
19951,update production set code = 'FU-R'
19965,update production set code = 'FU-P'
19976,update production set code = 'FU-K'
19987,update production set code = 'FU-A'
20000,update production set code = 'FU-Z'
20022,update production set code = 'DN-H'
20024,update production set code = 'XT-C'
20056,update production set code = 'LO-A'
20091,update production set code = 'WX-J'
20095,update production set code = 'FU-C'
20105,update production set code = 'WX-A'
20153,update production set code = 'XT-H'
20168,update production set code = 'WX-G'
20181,update production set code = 'ON-C'
20288,update production set code = 'WX-E'
20293,update production set code = 'WX-E'
20294,update production set code = 'FN-H'
20311,update production set code = 'MN-M'
20315,update production set code = 'RAV-U'
20331,update production set code = 'SE-B'
20357,update production set code = 'RAS-G'
21021,update production set code = 'ON-N'
21025,update production set code = 'AP-K'
21030,update production set code = 'GW-U'
21046,update production set code = 'GW-O'
21057,update production set code = 'DV-Z'
21059,update production set code = 'AH-M'
21280,update production set code = 'GW-W'
21283,update production set code = 'WX-L'
21306,update production set code = 'GW-P'
21309,update production set code = 'HT-H'
21310,update production set code = 'GW-N'
21315,update production set code = 'PR-N'
21318,update production set code = 'GW-F'
21339,update production set code = 'GW-L'
21345,update production set code = 'WX-B'
21351,update production set code = 'GW-T'
21365,update production set code = 'GW-Z'
21372,update production set code = 'WX-I'
21384,update production set code = 'LO-Z'
21481,update production set code = 'NL-L'
21530,update production set code = 'JH-Q'
21545,update production set code = 'JH-C'
21550,update production set code = 'NL-Y'
21769,update production set code = 'NG-M'
21778,update production set code = 'PR-F'
21784,update production set code = 'GW-C'
21864,update production set code = 'NL-C'
21865,update production set code = 'YT-W'
21866,update production set code = 'NG-U'
21931,update production set code = 'MN-A'
21933,update production set code = 'GW-O'
21942,update production set code = 'ZF-E'
21948,update production set code = 'DW-A'
21998,update production set code = 'FX-C'
22004,update production set code = 'JH-C'
22011,update production set code = 'HT-M'
22013,update production set code = 'MN-M'
22029,update production set code = 'AP-L'
22112,update production set code = 'RAU-A'
22166,update production set code = 'NG-H'
22168,update production set code = 'GE-G'
22179,update production set code = 'UB-B'
22181,update production set code = 'HT-J'
22183,update production set code = 'JH-A'
22185,update production set code = 'RAU-F'
22192,update production set code = 'AP-A'
22215,update production set code = 'RAJ-C'
22226,update production set code = 'GE-K'
22227,update production set code = 'NG-W'
22238,update production set code = 'YT-Y'
22240,update production set code = 'RAB-D'
22254,update production set code = 'PR-E'
22260,update production set code = 'CF-R'
22270,update production set code = 'HT-B'
22284,update production set code = 'NG-B'
22294,update production set code = 'UB-D'
22309,update production set code = 'VH-X'
22316,update production set code = 'YT-X'
22327,update production set code = 'RAB-G'
22331,update production set code = 'UB-E'
22335,update production set code = 'NG-F'
22338,update production set code = 'NG-R'
22345,update production set code = 'YT-B'
22369,update production set code = 'QV-B'
22371,update production set code = 'HT-K'
22372,update production set code = 'RAB-P'
22375,update production set code = 'PR-D'
22604,update production set code = 'GZ-B'
22670,update production set code = 'RAT-W'
22672,update production set code = 'RAI-B'
22679,update production set code = 'RAT-L'
22687,update production set code = 'RAT-H'
22700,update production set code = 'RAN-D'
22718,update production set code = 'RAT-Z'
22722,update production set code = 'CF-G'
22724,update production set code = 'RAS-H'
22725,update production set code = 'RAG-E'
22757,update production set code = 'RAG-D'
22761,update production set code = 'RAT-M'
22763,update production set code = 'RAS-D'
